expiredate,cardholder,account,cardnum,cvv
07/14/2028,Mikey Johnson,mikey23,4539218475621934,482
11/03/2029,Sarah Rodriguez,sarahx91,5281749306154827,193
04/26/2030,Sarah Rodriguez,sarahx91,6018452739401628,744
09/18/2027,Jason Martinez,jasonK44,4718263950482716,255
02/05/2031,Jason Martinez,jasonK44,5893172648051937,618
08/22/2028,Jason Martinez,jasonK44,6245091837462051,042
06/09/2027,Emily Williams,emily2024,4018265937402815,537
12/17/2029,David White,davidr77,5371948264051829,206
03/28/2028,David White,davidr77,6182509473610284,911
10/06/2030,Olivia Robinson,oliviaM12,4592038174650293,684
05/11/2027,Olivia Robinson,oliviaM12,5748192635407182,327
01/23/2029,Noah Brown,noahT88,6824051937462815,590
08/30/2027,Ava Garcia,avaL56,4382059173648205,174
04/15/2030,Ava Garcia,avaL56,5903847162059483,833
09/27/2028,Liam Thomas,liamB33,4719503826405718,295
12/04/2030,Liam Thomas,liamB33,6281749503628405,741
07/19/2027,Liam Thomas,liamB33,5138402974618503,068
02/14/2028,Sofia Jones,sofiaZ19,4591726305849204,822
11/25/2029,Ethan Lee,ethanJ62,5849201736402815,391
06/07/2027,Ethan Lee,ethanJ62,6739502847162059,705
08/13/2028,Isabella Gonzalez,isabellaP90,4928163502749183,156
01/08/2031,Isabella Gonzalez,isabellaP90,5071938462057184,940
05/24/2029,James Lopez,jamesD15,6842059174638205,281
09/02/2027,James Lopez,jamesD15,4519726384052917,637
03/16/2030,Mia Lee,miaF48,5728401937462058,104
07/29/2028,Mia Lee,miaF48,6192837405162948,888
11/10/2029,Mia Lee,miaF48,4839205716402839,236
04/03/2027,Benjamin Miller,benjaminX27,5382049173640285,725
08/21/2030,Charlotte Thomas,charlotteN81,6471938205647193,459
01/15/2028,Charlotte Thomas,charlotteN81,5102847364918205,097
10/12/2029,Elijah Garcia,elijahC73,4928571639402816,381
06/30/2027,Amelia Thompson,ameliaR34,5719302846173950,662
12/22/2030,Amelia Thompson,ameliaR34,6382049175638204,014
05/08/2028,Logan Lewis,loganV66,4501928374650192,924
09/19/2029,Logan Lewis,loganV66,5928173640285719,336
02/11/2027,Logan Lewis,loganV66,6819402736154820,781
07/26/2030,Harper Garcia,harperW22,4738205947162038,158
11/14/2028,Alex Johnson,alexH11,5082719364052817,643
04/29/2027,Alex Johnson,alexH11,6948201736459204,270
08/05/2031,Evelyn Robinson,evelynK58,4592817364028175,815
01/18/2029,Evelyn Robinson,evelynK58,5739402816450193,492
06/24/2027,Jacob Garcia,jacobM99,6825193746205814,036
10/09/2030,Abigail White,abigailT40,4917362059482716,587
03/01/2028,Abigail White,abigailT40,5082947163059284,129
07/12/2029,Abigail White,abigailT40,6472059183640275,774
12/27/2027,Michael Martinez,michaelY75,5729183640258173,253
05/16/2030,Ella Jones,ellaS29,6840291736458201,641
09/07/2028,Ella Jones,ellaS29,4517362059824710,095
02/20/2027,Daniel Lopez,danielA53,5938402716459208,883
06/04/2031,Avery Taylor,averyG17,4701928364057182,214
11/29/2029,Avery Taylor,averyG17,6182739402856194,537
04/14/2028,Henry Garcia,henryL84,5291847364050271,762
08/31/2030,Henry Garcia,henryL84,6739402816459182,108
01/09/2027,Henry Garcia,henryL84,4827163950402819,459
05/27/2029,Scarlett Garcia,scarlettE31,5072819364057193,924
10/15/2027,Sebastian Brown,sebastianQ68,6948201736405827,311
03/24/2030,Sebastian Brown,sebastianQ68,4519283746051928,680
07/08/2028,Grace Thompson,graceB24,5738402917462057,145
12/19/2029,Grace Thompson,graceB24,6820193746502814,907
04/06/2027,Grace Thompson,graceB24,4902817364059182,234
09/22/2030,Jack Smith,jackR92,5182739402857164,681
02/13/2028,Chloe Clark,chloeD39,6472059183640291,572
06/28/2029,Chloe Clark,chloeD39,5701928364052718,048
11/05/2027,Chloe Clark,chloeD39,6840291736450182,799
03/17/2031,Owen White,owenF61,4517362059182746,326
08/10/2028,Victoria Robinson,victoriaH18,5928402716459308,864
01/25/2027,Victoria Robinson,victoriaH18,4701928364058271,119
05/13/2030,Gabriel Robinson,gabrielJ47,6182739402851946,705
09/30/2028,Lily Brown,lilyK83,5291847364057182,236
02/07/2027,Lily Brown,lilyK83,6739402816450275,941
06/21/2029,Lily Brown,lilyK83,4827163950409183,087
10/18/2030,Wyatt Johnson,wyattM26,5072819364052719,654
03/05/2028,Hannah Johnson,hannahN59,6948201736409182,203
07/23/2029,Hannah Johnson,hannahN59,4519283746057163,788
12/08/2027,Carter Taylor,carterP14,5738402917460285,319
04/25/2031,Zoey Garcia,zoeyR71,6820193746508172,546
09/11/2028,Jayden Robinson,jaydenS35,4902817364051948,872
01/30/2027,Jayden Robinson,jaydenS35,5182739402856204,164
05/20/2030,Nora Jones,noraT88,6472059183647182,925
10/02/2028,Nora Jones,noraT88,5701928364050291,380
03/13/2027,Nora Jones,noraT88,6840291736458274,607
07/01/2029,Luke Williams,lukeV23,4517362059184037,258
11/16/2030,Leah Miller,leahW64,5928402716452819,743
04/08/2028,Leah Miller,leahW64,4701928364057162,091
08/24/2029,Julian Smith,julianX16,6182739402859041,836
01/12/2027,Stella Garcia,stellaY52,5291847364053827,417
06/02/2031,Stella Garcia,stellaY52,6739402816451093,652
10/21/2028,Isaac Clark,isaacZ97,4827163950408275,208
03/09/2027,Isaac Clark,isaacZ97,5072819364056148,974
05/26/2030,Aurora Garcia,auroraA41,6948201736402958,316
09/14/2028,Aurora Garcia,auroraA41,4519283746058371,742
02/02/2027,Anthony Thompson,anthonyB69,5738402917465182,095
06/19/2029,Anthony Thompson,anthonyB69,6820193746502047,861
11/07/2030,Savannah Garcia,savannahC28,4902817364057291,437
04/23/2028,Savannah Garcia,savannahC28,5182739402851468,284
08/12/2029,Savannah Garcia,savannahC28,6472059183645902,673
01/28/2027,Christopher White,christopherD74,5701928364052816,158
06/06/2031,Christopher White,christopherD74,6840291736457384,924
10/25/2028,Brooklyn White,brooklynE13,4517362059182647,302
03/11/2027,Andrew Wilson,andrewF57,5928402716458173,746
07/30/2029,Andrew Wilson,andrewF57,4701928364050928,581
12/15/2030,Claire Davis,claireG85,6182739402854751,129
05/03/2028,Claire Davis,claireG85,5291847364056208,893
09/20/2029,Claire Davis,claireG85,6739402816453847,265
02/09/2027,Joshua Jones,joshuaH32,4827163950407519,608
06/26/2030,Skylar Davis,skylarI60,5072819364052483,174
11/13/2028,Skylar Davis,skylarI60,6948201736408195,936
04/01/2027,Nathan Brown,nathanJ21,4519283746053728,427
08/18/2029,Nathan Brown,nathanJ21,5738402917469051,782
01/06/2031,Lucy Martinez,lucyK49,6820193746501384,059
05/22/2028,Lucy Martinez,lucyK49,4902817364056842,847
10/10/2029,Aaron Garcia,aaronL93,5182739402859206,213
03/27/2027,Aaron Garcia,aaronL93,6472059183642751,664
07/17/2030,Aaron Garcia,aaronL93,5701928364058139,908
12/01/2028,Anna Thomas,annaM36,6840291736454028,357
04/19/2027,Thomas Lewis,thomasN72,4517362059186475,126
09/05/2029,Thomas Lewis,thomasN72,5928402716451937,782
01/22/2031,Caroline Jones,carolineO15,4701928364055284,064
06/11/2028,Caroline Jones,carolineO15,6182739402857619,935
10/30/2029,Caroline Jones,carolineO15,5291847364052087,481
03/15/2027,Charles Thompson,charlesP54,6739402816459472,250
07/04/2030,Genesis Rodriguez,genesisQ87,4827163950403168,708
11/21/2028,Genesis Rodriguez,genesisQ87,5072819364056824,159
04/09/2027,Ezra Johnson,ezraR25,6948201736401259,893
08/27/2029,Ezra Johnson,ezraR25,4519283746058943,241
01/14/2031,Kennedy Johnson,kennedyS63,5738402917462375,664
05/31/2028,Kennedy Johnson,kennedyS63,6820193746505792,038
10/19/2029,Kennedy Johnson,kennedyS63,4902817364058417,925
03/06/2027,Adrian White,adrianT19,5182739402853746,286
07/25/2030,Willow Robinson,willowU46,6472059183640284,703
12/09/2028,Willow Robinson,willowU46,5701928364057165,148
04/28/2027,Jonathan Smith,jonathanV79,6840291736452591,864
09/13/2029,Jonathan Smith,jonathanV79,4517362059188037,271
01/31/2031,Alice Williams,aliceW30,5928402716454768,936
06/18/2028,Alice Williams,aliceW30,4701928364051927,052
11/04/2029,Alice Williams,aliceW30,6182739402856384,719
03/22/2027,Easton Jones,eastonX67,5291847364058713,483
08/08/2030,Autumn Smith,autumnY12,6739402816452048,162
12/26/2028,Autumn Smith,autumnY12,4827163950409572,845
05/15/2027,Cooper Brown,cooperZ58,5072819364053186,294
09/01/2029,Cooper Brown,cooperZ58,6948201736407825,631
01/19/2031,Samantha Brown,samanthaA94,4519283746051469,057
06/07/2028,Samantha Brown,samanthaA94,5738402917466834,972
10/24/2029,Samantha Brown,samanthaA94,6820193746502941,418
03/10/2027,Robert Jones,robertB37,4902817364058257,263
07/28/2030,Quinn Thompson,quinnC70,5182739402854702,804
12/13/2028,Quinn Thompson,quinnC70,6472059183647195,136
04/30/2027,Ian White,ianD24,5701928364052814,695
09/16/2029,Ian White,ianD24,6840291736456038,248
02/03/2031,Madelyn Taylor,madelynE55,4517362059181746,827
06/20/2028,Madelyn Taylor,madelynE55,5928402716459302,064
11/08/2029,Madelyn Taylor,madelynE55,4701928364055279,519
03/26/2027,Weston Jones,westonF89,6182739402858643,381
08/14/2030,Elena Thompson,elenaG18,5291847364052096,742
12/31/2028,Elena Thompson,elenaG18,6739402816457518,095
05/18/2027,Josiah Taylor,josiahH43,4827163950406832,614
09/04/2029,Josiah Taylor,josiahH43,5072819364059274,283
01/21/2031,Naomi Davis,naomiI76,6948201736403581,957
06/08/2028,Naomi Davis,naomiI76,4519283746058146,120
10/26/2029,Naomi Davis,naomiI76,5738402917462408,836
03/12/2027,Everett White,everettJ29,6820193746507925,471
07/31/2030,Ruby White,rubyK62,4902817364051368,204
12/18/2028,Ruby White,rubyK62,5182739402856831,759
05/05/2027,Axel Jones,axelL11,6472059183649704,083
09/21/2029,Axel Jones,axelL11,5701928364054275,692
02/08/2031,Bella Williams,bellaM50,6840291736458519,315
06/25/2028,Bella Williams,bellaM50,4517362059182046,874
11/12/2029,Bella Williams,bellaM50,5928402716457693,148
03/29/2027,Roman White,romanN83,4701928364055821,927
08/17/2030,Serenity Thompson,serenityO35,6182739402851479,260
01/03/2029,Serenity Thompson,serenityO35,5291847364056932,814
05/21/2027,Miles Smith,milesP68,6739402816450286,437
09/08/2029,Miles Smith,milesP68,4827163950408715,092